SampleID,Actual,Predicted
9538,2.897856203,2.95831108467967
7532,1.596965547,2.222835978553663
6615,1.260867506,1.8653542205906015
2992,0.75045491,0.8006317069383242
8938,2.505635295,3.978188084590715
6098,1.150767602,1.1338574960701955
304,0.359448967,3.006449996920712
9642,2.971040827,2.440414284787431
5034,0.980637878,0.7556541490449287
1470,0.590848419,0.5660952618734476
1350,0.574684843,0.7184637033686374
1284,0.562488525,0.606976467994541
2742,0.725911968,0.6787526386686598
7298,1.479383486,1.1072167624999392
10913,4.725392302,2.740250091304743
651,0.449659507,0.8677329317837053
10912,4.721206275,3.7827144521520664
3833,0.836477682,0.6801040361664483
1795,0.633845197,1.0292413300250638
4684,0.931589191,1.3519795101251162
1713,0.621559297,0.7190872999175288
8611,2.27727397,3.3057169015328145
3274,0.780793498,0.7285297999119609
10163,3.402131523,2.596490004723447
7387,1.519941521,1.9954316286858556
5909,1.11568664,0.8231768426591526
3834,0.836479212,0.6338438728026994
6553,1.244951597,1.306060574010716
8860,2.442743445,3.0713100343526785
408,0.389501678,0.44522433564965963
2864,0.736821657,0.8297122901672757
3166,0.769915648,1.2099400393108088
10000,3.273592564,2.423574390667038
8365,2.117184313,1.5868448419417558
9507,2.876954762,3.7248705477046355
6657,1.272017541,1.0499824063109162
10346,3.610425785,2.6642977093925295
3933,0.848335233,1.2087653075671612
8845,2.433046818,0.7870529987805522
9266,2.720747482,2.4448488004500715
9040,2.569522865,1.532224899002128
9704,3.014515865,3.5301016227301645
3952,0.851128237,0.8676198157436277
3570,0.810743601,0.6570224929831185
3078,0.760128211,0.739300412435595
7529,1.595492486,1.4274173304557756
5516,1.052676952,0.9405277783703111
8644,2.299738862,2.9860552066191213
4789,0.944871223,0.9315848677479022
4132,0.870217559,1.0263642599908205
5559,1.057995362,1.0670179713652452
8383,2.125848301,2.5436256437550435
1671,0.616452372,1.2504301107195703
9635,2.96626359,3.402600667749034
4119,0.869001197,0.8521314384510865
740,0.469811495,0.8206074538578323
8480,2.187844462,2.8897321524157484
360,0.375638727,0.7488794645985432
3065,0.758680206,0.7284005434654803
10893,4.640878424,3.5316525952010664
4587,0.921061065,0.7608734654881144
7508,1.587910923,1.7717513764585626
2138,0.669289724,0.664740320126359
9336,2.764406446,2.057517542285638
1594,0.60605626,0.6569964082770833
839,0.485791604,0.7517221975617071
3520,0.805519904,1.1426495738974627
5456,1.045093636,1.0216366959286907
8583,2.26184073,1.9336868869938442
1634,0.611490066,0.675919194077161
9675,2.992174356,2.864133837302355
9577,2.925476468,2.3788462281864713
6134,1.156777565,0.8581054314432457
4993,0.974318333,1.3001074982818392
4176,0.876219963,0.6811737474221535
5025,0.978837772,1.0157750467798856
592,0.435309027,1.0552907401082536
5900,1.113999798,0.784509195877763
5254,1.012980643,0.8563138283354212
4053,0.86193488,2.0773087712933616
7173,1.432780872,1.187691122381596
33,0.198977697,0.9460516303932529
10950,4.92320055,2.914226310606342
4754,0.941164587,1.1666677477188943
10842,4.48172528,3.9083516540480754
4504,0.912081086,0.9418289364431696
9335,2.762384878,3.718682576896785
7839,1.758900951,1.2579958984186286
3328,0.785220736,1.0071407507240404
3941,0.849201667,0.8856053609667548
10629,4.024961763,3.3091084002917146
9848,3.131284289,3.6167011940046776
6723,1.28895171,0.958321848402921
8296,2.067147797,1.970481186941351
7965,1.844223636,1.2118235615350879
9448,2.840338915,1.2098035880814912
10634,4.036159277,2.9187296054591902
8067,1.915934601,2.2027199378428453
9343,2.768236535,2.0235249256846894
1805,0.635085773,1.3079275690583765
6666,1.274149207,1.2289543109864043
8040,1.902552702,1.4639275695399157
4977,0.972003489,0.7020913530565928
2910,0.741053196,0.8193432361020572
7741,1.705542754,2.0552000752891493
9883,3.17045576,3.5508410165832465
4193,0.878337452,0.7934890594423637
4918,0.962640037,0.8751760899629797
6061,1.14311509,1.1878903215830268
5965,1.125305473,0.9104693270978116
10770,4.313045752,3.2716787215662206
8767,2.385968255,1.8696707385617026
10635,4.037819449,3.7059471090701184
8182,1.996765005,1.4598037351142832
2085,0.663536766,0.7084235974760237
399,0.386154043,0.8375773422724669
9528,2.888710673,2.921590796437433
10726,4.191783013,3.707641777899381
3707,0.824783841,1.364779974100613
8676,2.320629287,2.107697934182623
5860,1.107744593,1.4094303550859948
6720,1.288868328,1.5397038364690412
8341,2.10256581,3.2033223546198744
6114,1.15368037,0.9020148138310957
5920,1.117503417,0.733357818644313
4610,0.923170988,1.0144643411982521
900,0.498755114,0.6376389927064448
6934,1.350400777,2.8107253974628366
7580,1.624436777,1.303280411314861
1954,0.650500812,0.8636280564017645
2390,0.694668508,0.6760346779376246
8763,2.384548462,2.089983721031429
6459,1.219231039,1.0129917367751362
9434,2.831839643,3.2067390154329796
5967,1.125578025,1.360954510035576
9910,3.1986015,3.1532014401119954
6429,1.212193129,0.725849594305455
107,0.258635566,0.5031728222787661
6434,1.213377275,1.1026554566613285
2417,0.696942968,0.648199709656958
6502,1.232552587,1.4127361517953243
3693,0.82325167,0.7637081902517096
6952,1.357063419,1.6429642605528245
5703,1.078819675,1.3336103248705538
10646,4.054701124,3.138085784483272
5206,1.004522925,0.7573675808413919
6524,1.237541702,1.0749391861921067
5697,1.077628395,0.7831915146742806
1496,0.593956659,0.8257044064294945
4372,0.898087241,0.8375784607500387
2684,0.720305618,0.9552576962871042
8832,2.426361683,2.9073290181872693
2167,0.672426845,1.0050642671852283
2319,0.68769165,0.7553988530621462
10236,3.477566056,3.6115438316608546
10860,4.523004685,3.9162361860954698
5013,0.977424378,0.7001593503392596
3522,0.805760432,0.8162515698546583
4411,0.90215887,0.8012292599302774
10990,5.24070502,3.429367649063803
1501,0.594825499,0.6720597844640951
318,0.363975673,0.8136627753508582
1512,0.59612073,0.7160459873671874
4387,0.900404258,0.9053869301724465
5079,0.986504447,0.7907965910841043
1010,0.517855277,0.8590018697495134
10517,3.836253387,3.524153905985723
7754,1.711359081,1.2245233302799061
321,0.364611343,1.048073652381069
5500,1.050723986,0.8643055216078417
518,0.415825263,0.7611507174708082
1453,0.58811307,0.9320013468863015
11050,7.793114262,1.4811057606042453
4474,0.90939612,1.896990006940983
2140,0.669323008,0.6805464742209226
9071,2.588927613,3.4779633603135878
2391,0.694905908,0.7641902016102086
9961,3.241847071,2.685877901387321
8520,2.207600631,2.0484801551274945
2678,0.719807111,0.8142010456985307
1710,0.621069207,0.96465969275914
3909,0.845581248,1.6530451387198923
4326,0.893130694,0.745386906381752
6884,1.331870332,1.31774725679607
218,0.321956176,0.9532309874807602
6106,1.152197152,0.904032525155823
3991,0.855933335,0.7808855894020504
4682,0.931463043,0.845187694744362
2791,0.729259479,1.2656474841454837
8170,1.986466624,1.575240511914463
7067,1.392667485,0.9468718970165493
9134,2.627733673,2.3075982514138356
932,0.505600771,1.5025028172089734
4077,0.863347417,0.747817524718775
5302,1.019318672,0.9984430657060249
1408,0.581498098,0.8237088958698103
7811,1.742685147,1.582545512398661
2899,0.740065026,1.0939547129944474
9726,3.027887719,3.036923735383352
3921,0.846397691,0.6670575769923882
10313,3.563657578,3.8079330538588354
5623,1.066493667,1.1957430757032907
9667,2.988647096,2.4640719609172943
8066,1.915899319,1.1426213028350527
6181,1.164812447,1.7958358142512563
5396,1.034556565,0.6740866543852002
8988,2.538474255,2.3722122103228327
4850,0.954570907,0.7315987504591696
6743,1.292653438,0.8256610711155203
3813,0.834287429,0.8593869315163993
6264,1.177936172,1.3384488093365645
4885,0.95827531,1.206574402149549
3316,0.78421972,0.8008215991487465
7251,1.459163973,1.5730223651092932
8090,1.93337882,1.3920923329602635
562,0.428461413,0.6738081932176863
2818,0.73224625,1.0891251652455638
10378,3.65131863,3.4446205970357178
10360,3.62877021,2.68942098505736
4397,0.9012201,0.9968942279263262
10038,3.303388,2.9785328657724337
1041,0.523570803,0.6184368993074325
3279,0.781129063,0.7046703240502303
9614,2.950387167,2.326076251048397
1433,0.585391006,0.9072512806535868
2517,0.704353468,0.6854269216864814
3543,0.807806679,0.8856874086367279
4710,0.935402455,0.7609567130491904
7910,1.80220171,2.0034401403032955
6333,1.190842726,0.9229626945399888
4401,0.901572164,0.9934918771124654
7234,1.454814159,1.1274451003072534
11020,5.559112503,4.232132875103882
2145,0.67017569,1.0816185474454088
10154,3.389345345,3.365927169139455
7465,1.564144477,2.496484798730647
3872,0.840587666,0.7427350794477648
6753,1.294597504,1.0892579877396926
9330,2.760364519,1.8430770615441796
3870,0.840527501,1.1699757287163712
101,0.253884049,0.4857015903666842
8745,2.372269192,2.9541323710938454
1783,0.631403501,0.8206473857337712
4828,0.951521499,0.863502618651156
5245,1.011687878,1.0221275985662486
9735,3.034368864,2.4601241165031285
10766,4.300192472,3.701847954635397
251,0.337416714,0.5369604738022656
4608,0.923128557,1.5699350417673508
5727,1.082987215,0.8912781119138794
8104,1.942228382,3.0231187900572474
1208,0.549818516,0.9173709313975473
303,0.359314353,0.9957671476823018
8233,2.02509244,1.9383664968955325
3288,0.781872747,0.7485637716845648
10806,4.3857697,3.3702038570370174
5046,0.983024733,1.215970712662417
4605,0.923046594,0.8242540855897043
8661,2.308635697,2.4552360729057603
8995,2.541963245,2.584327359874709
9776,3.068823258,2.573757568193233
4075,0.86321246,0.8713010550117436
2473,0.700573309,0.744961354380786
9608,2.946508988,2.130103903034389
10574,3.927607202,2.5067478818439066
5214,1.005924741,0.8474123778510676
1254,0.557782895,0.939608326160391
5221,1.006814291,0.9905743193418499
856,0.487861377,0.7740760937891392
10804,4.377836515,3.757836318562522
6627,1.264392978,2.0447472809690495
668,0.45361901,0.7049677510146843
7666,1.664039601,1.914946697742744
7475,1.567801157,1.4782293167435807
8566,2.245697882,1.639566603590971
9676,2.992299591,2.819930498066431
3979,0.85442464,0.8359328948956806
10515,3.833663752,2.9406358035997275
9752,3.048003748,3.0539779159701625
35,0.20242966,0.8705254547656965
6250,1.17549962,1.0389078361971171
6959,1.358271316,1.660264022102737
3905,0.845247088,0.7114711419629549
8147,1.975324651,2.8718765356956593
5890,1.112741272,1.5701129420401703
10169,3.410839606,2.788069364757775
95,0.251488951,1.0008624799118937
3884,0.842006043,0.7575723193058107
7964,1.843430096,1.4032819308643036
5544,1.056120188,0.8523847302986816
461,0.400842191,0.9507879152799639
3458,0.797674403,1.0751401858497176
7921,1.812210482,1.107839749950844
5405,1.036319234,0.8158983594645035
3016,0.753224947,0.7246935454476644
8265,2.048997322,1.826341871942118
11011,5.458966022,3.187221515471242
3017,0.753506454,1.2563956438959387
214,0.321341221,0.7508026052348353
1113,0.534228521,0.9577950662221483
5730,1.083306031,1.237592259719971
3885,0.842392747,0.7939544559390361
1201,0.548754595,0.7883991247250343
3352,0.78753461,1.13421814866777
8057,1.909474776,1.1996175441250043
9571,2.921096613,2.273538969564045
2459,0.699834623,0.7489205464888604
4245,0.883434889,0.9623926582511076
398,0.38573552,0.6928207657685108
9118,2.617246168,3.047593614997302
10523,3.841753555,2.8636788831244324
1121,0.535492602,0.7768619497536965
967,0.511247986,0.770214421149104
1147,0.539406727,0.6543788492731247
9668,2.990137444,3.7349048530997453
6839,1.318188801,0.7636291766034103
9293,2.736770445,1.303256796308656
9194,2.667780898,3.4693356364088563
9415,2.815526871,1.5531659558334694
1458,0.588680147,0.4108968563443094
5982,1.127521785,0.9272098196229751
10650,4.05756556,3.524434499771607
10184,3.421229316,3.1534502642211057
5682,1.074942965,0.8059343932595461
3412,0.792517416,0.6836706957182249
6670,1.275006795,1.7117231952524252
8700,2.338845476,2.8506746469327373
10545,3.881772999,4.09656640691485
427,0.393881569,0.3809221604658792
5719,1.080881402,1.4578160144725116
10802,4.37563049,3.6482231590181557
2685,0.720313289,0.7375991879391517
3902,0.844258717,0.7383196688420162
8530,2.211043537,2.063644670108294
3889,0.843013805,0.834751500013465
3000,0.751158717,0.9919084832744156
7692,1.677985906,1.5860732474018882
7711,1.686639033,2.2051211133693096
8725,2.358376514,2.093272109501326
5289,1.017689734,0.7724104640782377
6227,1.171257225,1.1680630421260079
9045,2.571875041,2.861881142336379
7931,1.818774767,2.0669633872933106
6369,1.197900889,1.0039500724169024
5484,1.048609645,0.755351310927413
6307,1.186729066,1.2214062097397151
2236,0.680353491,0.7780894546847297
6620,1.26345228,1.2681989348285463
8760,2.382118253,1.5539745188061544
9834,3.117451036,2.1990507394563816
1785,0.631782032,0.6199020352636789
7107,1.406826361,1.5037483066303885
7417,1.533744073,1.7561612744141075
761,0.474238691,0.784529895230523
10595,3.96339075,2.9357230752418793
4148,0.87215874,0.7184654492568912
9388,2.80189841,2.1956780521275303
8222,2.017346489,1.0446837615359454
1683,0.618061594,0.9587548894414023
3706,0.824721594,0.8279023483670895
10051,3.313264653,2.5159276348078725
9142,2.635461084,3.5377996928025937
2615,0.713970447,0.7853379615891107
7603,1.641242289,1.3540840472169393
4438,0.905567849,1.0293704949649765
7708,1.685041685,1.4793191193265076
457,0.400155242,0.9099874999049157
4475,0.909399556,0.8032322580357237
4220,0.881017882,0.8846121382431376
1183,0.545504924,1.2943306472602625
1530,0.598549759,0.8195162400740155
3532,0.80670167,0.9278430809215723
483,0.406206363,0.6896345178418065
10780,4.329390723,4.307152653204297
4734,0.938694356,0.7943193965207068
2816,0.732181657,0.8190441239885827
1406,0.581462153,0.5965108314608855
3013,0.753037249,3.1253001281129533
9303,2.741919396,3.649129879961867
4217,0.880684509,1.1189731270569072
5493,1.049639556,0.80240742804535
2301,0.686017832,0.6130199005989075
7907,1.801104966,0.9445030326316627
2357,0.691537516,0.983672945314514
6572,1.249305862,1.0569793833274492
10187,3.423838324,3.3876855495222
4139,0.871328326,1.3017356637280821
4695,0.933179037,0.7341239564041713
2932,0.743475162,0.7194500972698259
9189,2.665205334,2.954605315552059
3946,0.850037508,0.8878664528724638
3608,0.815263278,0.6770322437418347
3852,0.838301486,1.0744570166173306
8288,2.061771996,1.231314516635457
7624,1.647771679,1.5296726413585164
3609,0.815280802,0.7913191673116234
6414,1.208647918,0.8715006444072453
7072,1.393124592,1.081116417786192
2252,0.681781369,0.764245996630302
4123,0.869769032,1.0175544687673892
6961,1.359006836,1.307264583802052
8385,2.128444786,1.9920257097312064
6590,1.254544037,0.8167359483815999
1434,0.585723177,0.7925427815584822
9744,3.041949331,2.5126061122472905
6109,1.153131017,0.9018140595035906
10899,4.652671331,2.7815632963261723
5351,1.027776606,0.7945781613942778
8061,1.912777957,1.9515317593728019
10049,3.312793037,1.6331104628768482
7220,1.450483804,1.150440460076628
4457,0.907260048,0.6308711734342616
4190,0.878027592,0.6981651424997936
6945,1.354378722,0.8202685658373786
8084,1.928780224,2.0951151418516716
3495,0.801915924,0.9078191430183755
8858,2.442479507,2.1335149133856106
1655,0.614476284,0.6490658535991323
9471,2.853854815,2.6249573874585925
216,0.321650342,0.8280170170448578
3053,0.757403271,0.7068694182745686
8419,2.150732916,1.116485777005245
8343,2.103746464,3.15244638582342
8747,2.37417579,3.1727133746600518
7700,1.682444579,1.116160692902094
5859,1.107737204,0.9814044084869832
8171,1.987427282,2.7792608154478184
3526,0.806106986,0.7595755377470366
5659,1.071656766,3.3573702163260353
8473,2.184114332,1.6318904905288492
3449,0.796606381,1.0915708421523103
10965,4.984239343,2.6203644596002813
7393,1.523021711,1.3165777742012952
2485,0.701684429,0.6633667935971408
1766,0.628180914,0.9090782798649637
8250,2.035207827,2.7574142947863494
9036,2.567352255,3.3700168661709506
1373,0.577976727,0.7430449717746109
9124,2.620461683,3.0835373375819266
1498,0.594111749,0.780570709872529
4685,0.931671221,0.8801572752165018
883,0.495106264,0.9281015831197817
2876,0.737725129,0.7774756646580019
1747,0.62594617,0.5819206634049415
10003,3.274609069,3.636649751644057
4889,0.958584965,0.8393694392162909
1432,0.585145795,0.8341068585042617
4337,0.894361092,0.8877836601195382
6663,1.272866522,0.9813133054832646
4656,0.929215172,0.9635436496085058
7774,1.722039879,1.3841878119992452
4429,0.904292647,1.5523354128521567
346,0.372543278,1.2011342773740543
1793,0.633403591,0.7661969686387867
3111,0.76335599,0.7665844032958429
4983,0.972786428,0.8011523216605188
3817,0.834676108,0.8230801786679507
5496,1.049842055,0.7954886134354037
2762,0.727063986,0.7253256224248158
4110,0.8680041,0.7114711419629549
9548,2.904782204,3.176671991521799
7924,1.814844891,2.116526070633226
7231,1.453871392,0.7972929341454865
1383,0.578678171,0.8419686828932155
5098,0.989085056,0.8658811444875048
10171,3.411773531,3.924280627684991
9589,2.933701576,2.3656168677865614
8088,1.93191494,2.921590796437433
9832,3.116223388,2.513494519050481
3469,0.799699245,0.5824676368818471
6022,1.134796519,0.8340508675104932
39,0.21012275,0.9496945118480822
10401,3.67271332,3.4961156961195843
5955,1.123598138,0.9755502543454995
10553,3.892786308,2.2652092903769847
6496,1.231295093,0.886513764675111
6077,1.14570864,0.9687140888365783
8353,2.110463932,2.3095548139783575
6773,1.301138188,1.6158889001465242
5125,0.993207458,0.932547895046413
3688,0.822675199,1.3211713633414335
4629,0.925785977,0.8776202567686445
2626,0.714910788,0.7719723053127061
795,0.480381734,0.9595895859588026
6030,1.135698,0.9631458192563338
70,0.238381911,0.5599220338333752
1479,0.592085837,1.2214079946015168
6447,1.216432058,1.0670793764508806
5833,1.101789735,0.7091690212724039
2919,0.742277619,0.9014218967230503
5547,1.056663596,1.0179743426655203
4779,0.94325349,1.0687916597082348
5489,1.04927683,0.9620478680483167
5903,1.114550917,1.1059152480092507
7814,1.74330871,0.8268958932913988
2820,0.732559679,0.6612531520687561
3782,0.831827918,0.572343788370803
1617,0.609658716,0.9049407292811482
6011,1.131514122,0.9501033522308631
6451,1.217456833,0.9317727259463467
9240,2.704170154,2.9372655360104902
7008,1.376769614,1.0968768843820391
1971,0.652389939,0.7325038818245024
7809,1.739919937,1.5091959345674084
1511,0.596073957,0.821296925298885
10941,4.890388758,3.3360002666840334
3231,0.776651443,0.7042064019458089
533,0.420879202,0.7665768309399489
673,0.454288778,0.7334344830607261
4872,0.956114558,0.7048398022960385
5638,1.069020422,0.9174790845882471
5027,0.97955369,0.8702845184127269
4680,0.931400679,1.7241406245210735
3143,0.767822671,1.1627486996610434
8556,2.240378516,2.696560562111223
1579,0.604564081,0.8343757996781691
9691,3.000739835,1.995487916139666
3077,0.76000269,1.4812737454616158
9578,2.925625763,1.8611098694009864
6074,1.145380135,2.8315670512607007
5786,1.090999007,0.7783252926732381
173,0.295486189,0.6798416228277825
5579,1.060584903,1.175914042894539
169,0.294582521,0.6388707242964863
7144,1.419529854,0.9857376864270745
8156,1.979203784,1.448292659165776
3126,0.76476998,0.6645458577696338
8463,2.175862724,3.0667681128039725
1722,0.622670109,1.0717726880762442
1053,0.526262609,0.6715371517726035
2836,0.734008558,0.7070601385346079
3509,0.804245638,0.5121553383547016
554,0.426865791,0.6079867359736724
6300,1.18584335,0.8884184999514266
4607,0.923082825,0.8281104988210207
4354,0.896786809,0.7712034510004211
4921,0.963309169,0.7332614857297249
747,0.472080517,0.9649529073782639
3305,0.783353051,0.7463691488086275
4802,0.947177665,1.3609064583932953
5006,0.976179784,0.9860562830603498
2574,0.709350082,0.8311128178973924
1516,0.596495965,0.5339035773665625
1084,0.531392163,0.6247585820305708
3251,0.778145023,0.8051692893019818
8076,1.92259489,1.9597530039171518
1347,0.573988322,0.7268460527016674
3919,0.846286719,0.7703712874429703
1595,0.6061042,0.7941425831431209
434,0.395972124,0.7729733825050059
8079,1.925802479,2.0957351237489865
47,0.219247031,0.6916824136179411
3441,0.795265818,1.0639435641090802
3206,0.774337154,0.7983617857999136
2585,0.710324815,0.7193939185160267
2439,0.698342763,0.6204545699443709
5756,1.086587661,0.9448568800272135
1022,0.521361843,0.8412555653238533
3620,0.816357425,0.931420046994309
4807,0.948257013,0.9600149884539424
9246,2.70670275,2.898528884869422
586,0.434865323,1.0254289837723034
2328,0.688411507,0.7215502777875962
4879,0.957029058,0.7887860669434622
4568,0.919461639,1.4814411394599307
1862,0.639994786,1.2930147134253729
7517,1.590252985,0.7158315022219927
6051,1.140661716,1.0165584888563357
850,0.486837592,0.7047825761434361
3082,0.760424592,0.6894699157952545
10706,4.163056591,3.491927525273118
4359,0.897198677,1.0128747229297088
7233,1.454290999,0.8607375211817297
4328,0.893474073,0.8685714495191673
7344,1.501358928,1.0401683757524764
6120,1.154203642,1.0366034148437577
5865,1.108547767,1.0623416854169379
2680,0.720014826,0.7303878385023802
10331,3.583395958,3.157044228033174
10520,3.838011438,3.136843443782536
1413,0.582448618,0.9552576962871042
608,0.438154081,1.5973941764041542
1692,0.619154145,1.0954836099630987
1744,0.625549657,0.4924226227457064
4366,0.897720442,0.7947130373622795
2425,0.69738138,0.717348172265201
4934,0.965393191,0.9034568695173537
8582,2.260325438,3.229581477084664
291,0.353151658,1.446681941439486
2922,0.742344885,0.7771015529329299
5397,1.034582352,0.7074204575104999
2724,0.72455346,0.7072677572955014
8719,2.350839716,1.9107540926657969
6041,1.138906993,0.872548284522075
3095,0.761884205,0.8334214114811498
7545,1.606136602,1.1280900942674015
2620,0.714330776,0.9026651206154743
330,0.367751725,0.6993437234428513
9453,2.844653022,3.7248705477046355
2184,0.675238231,0.703204218807882
10725,4.191589441,4.030741730452709
10083,3.330439722,3.3490038883763216
14,0.145948857,1.2862009222434034
3708,0.824821954,0.8185889709548265
9414,2.81526657,3.617623490527035
6323,1.189735352,0.8043924059242564
4104,0.867424032,0.9501177719340125
487,0.408109044,0.7819922916290111
621,0.442043214,0.5267000989539176
10115,3.357785951,3.402778004608099
9989,3.262301109,2.979847348069234
2614,0.713841482,0.730156132357383
4822,0.950606362,0.7212164712268249
8112,1.945274376,2.7708323491415463
9920,3.208683422,1.5873713474297664
9057,2.580273014,3.1890717507058364
5948,1.122832838,1.7294948395247227
9026,2.55832807,3.615284501470002
10852,4.506439869,2.921590796437433
2960,0.745770737,0.705848531823818
9584,2.929234611,2.1426258679536176
5747,1.085509972,1.7626334106371508
8672,2.317463184,1.8580634201784896
9551,2.906730852,3.385980942458546
6923,1.346087718,1.275921007674532
265,0.341420984,0.971875527667427
9929,3.215710445,2.435381970199052
3399,0.792090618,0.7208416205147521
8326,2.088185978,2.5153676293488627
8688,2.331139396,1.3324381407171535
11045,6.422455406,3.0441887339332183
3123,0.764676984,0.796473104473251
2107,0.665964072,0.6723064402950731
1145,0.539142484,0.7779283929591096
9948,3.231931891,3.2502397866655035
510,0.413429118,1.059434137990569
960,0.510338155,0.80142972122003
7042,1.386104665,1.3983063374541347
9962,3.243065019,3.038047119617874
6829,1.31609868,1.092784797259682
8834,2.428649431,1.8435319701383905
914,0.502268324,0.6429258749902842
3207,0.774443002,0.6819120560489863
2732,0.724979768,0.7588459553032273
8931,2.498619751,3.359489138359618
2406,0.695908358,0.7455401079414855
6088,1.148286927,0.7826703138337411
1454,0.588143772,0.9822404267209102
10071,3.325643731,3.0035626387025656
8360,2.115019369,2.0002186450097805
8598,2.269222899,2.849408087487704
1835,0.637661609,0.6716096757156326
9473,2.854539105,2.692671160907474
7445,1.549832989,1.5064916735145844
10197,3.432146969,2.9848497878331792
2589,0.710807347,0.8208781175528034
6393,1.20345128,1.3685880338187708
1597,0.606285686,0.8482149218341571
6595,1.25556407,1.1691022170230763
5414,1.037471359,0.9938372891300303
8107,1.943036338,2.8634554940182158
6438,1.214099461,0.7277455974568506
4047,0.861685846,0.6059939902727111
5885,1.112069492,0.9145983509445321
11038,6.065440357,4.17310245485821
1491,0.593376252,0.6944890188839228
1277,0.561322516,0.8026050713246086
7821,1.748846677,2.052246369968597
866,0.490292233,0.7926211339056696
1250,0.557384311,0.6850081610281232
9796,3.088473372,2.011312404371764
7271,1.467849223,1.8168646357835452
2018,0.657452534,0.6967317041017064
4224,0.881381022,0.7690452620842417
10450,3.750136011,3.5338334609699573
4262,0.885660598,0.9333467255286463
11049,7.726964177,1.4811057606042453
7879,1.784021945,1.6335670618683742
2312,0.687270101,0.7535344332871384
7562,1.613265215,1.9295651324603056
10688,4.130749711,3.870092067765512
5593,1.061859472,0.7499285657665927
6258,1.176915134,1.9982983242594532
2929,0.742871801,0.8367236614017227
10399,3.670484455,2.5146623059708664
1193,0.54710738,0.7238809386566684
1941,0.649251628,0.8893158101742791
9116,2.616073049,2.5747547113785165
5840,1.10381898,0.7522152489065793
5517,1.052853291,0.7222496167626862
9302,2.741763699,4.073303492990278
3047,0.756857581,0.6434574497988927
9602,2.942970776,2.906690218547532
927,0.504960131,1.0840148363157363
6482,1.228201027,1.1061471929467346
6604,1.257532881,1.184820851566432
7664,1.663468747,3.275406412494628
10264,3.514617739,4.255120548576245
3678,0.821554185,0.8009395148312219
367,0.378254318,1.2346014020449556
3798,0.833244894,0.8178778126491633
10605,3.98081512,4.043419760146945
424,0.393745807,0.7008142037603218
4003,0.857122993,0.8057154224175462
7837,1.757645357,1.6434855064338558
3125,0.764726194,1.0192891648626827
2039,0.659601104,0.8268775849081352
1194,0.547226225,0.7678912986828913
9725,3.026078066,3.308185392900207
10446,3.743540921,2.4590920531893374
10820,4.4201401,2.6297359636614237
9847,3.130152994,2.930775423534674
2215,0.679046532,0.8735423535241151
694,0.459477342,0.7981458236935786
3846,0.837573404,1.828433748895851
1281,0.561987781,0.724296523861993
1157,0.541161038,0.6563826531727869
9739,3.037184225,2.454002417098666
135,0.272995751,1.0206674284035573
7464,1.563685579,1.3293758948953065
7467,1.565211309,0.997480776151887
9748,3.045046243,3.383528955896564
3264,0.779830963,0.5819597734381319
10258,3.505870496,3.272268513567987
10438,3.727374045,2.376311237334371
9012,2.551001313,2.4180725216887864
2348,0.69060602,0.8217003591040939
10198,3.4336672,3.211416758691635
7243,1.457633042,1.136316489249465
5400,1.035471989,0.7920599515439197
1418,0.583494392,0.9376039827788045
8192,2.000922245,2.440008045045477
9632,2.96582868,3.4368279773657218
7520,1.591274434,1.457522499008789
5273,1.016169135,0.9484150677371594
4625,0.924761157,0.7387992208981483
4913,0.961855089,0.9500745407665321
9422,2.820543488,2.289246406341834
5193,1.002773356,0.7779954665365251
9447,2.840152265,2.778153792310432
3219,0.775371061,0.7738664033778155
4700,0.933872831,3.0375302791845447
10649,4.056742063,3.573892624226611
2714,0.723527787,0.9272707825715768
426,0.393860057,0.5026711988036493
4040,0.861227186,1.0504160830850007
5773,1.088862485,1.064679516230881
4091,0.864666929,0.7609490541567703
9659,2.984540975,2.6169312741853856
4048,0.861700313,1.3071724076365314
6385,1.202406871,1.0168673604188097
5616,1.065039239,0.7394257353511815
5298,1.019044154,1.2430020756874756
2619,0.714322951,0.7368712194156606
2168,0.67262361,0.8171049106653235
2588,0.71068372,0.7489297534199914
5882,1.111841468,1.6515540793325445
5026,0.979064793,0.8084108114904174
10478,3.78981574,3.1689306686295606
3061,0.758263635,0.9063438905925407
5537,1.055315593,1.2678798494061856
1703,0.620106351,0.8210026240735506
543,0.424112777,0.7008486843729158
8216,2.013768397,2.6990658619374726
2340,0.689802967,0.6009761605300366
4415,0.902278162,1.0820920447084732
4026,0.859419661,1.121054730360881
1282,0.561997965,1.3205340279463857
582,0.433513907,0.7367569468597981
8197,2.00282511,2.13507966332849
1896,0.644682726,0.7446335803061443
8721,2.351715672,2.044258807930159
1775,0.630067611,0.803355778000401
3,0.090869467,1.2523905233445334
3721,0.826717429,1.0921942677063408
10601,3.979673542,3.2847911725523615
9061,2.583400518,3.154812642218801
4253,0.88481501,0.7335417528539805
5200,1.003697661,0.791937568923712
952,0.508698116,1.4185183621987465
8009,1.878648709,1.585280603090887
4339,0.894668032,2.1835822774680227
439,0.396599618,1.4046260675878384
6311,1.187913077,2.193343572598571
6425,1.211455694,1.1450739306825446
10135,3.376274659,2.8420000070855496
8861,2.442753544,2.9985145690513586
8976,2.531674629,2.6998417435526147
5306,1.019773063,1.1338574960701955
7060,1.390651596,1.054063568638061
8490,2.193328207,2.76525377706136
88,0.248724116,1.1049413971706286
3958,0.851488335,0.9127982361017647
6742,1.292615737,1.2663034785920197
6066,1.144401607,0.9701967810911832
8830,2.425699043,2.8052736868129755
4035,0.860021378,0.8955924395635739
5470,1.046671726,0.724597050088265
9349,2.775742891,3.0097257145427836
9836,3.119282907,2.570521241736565
9683,2.996572195,3.3952749750912594
3995,0.856344305,0.773197122714714
3059,0.75814139,0.9456743259719106
3728,0.827856884,0.7355354687995622
7278,1.471768684,1.4127361517953243
10149,3.385099236,2.7984461673316354
5114,0.991155422,0.7513417744499
2754,0.726664892,0.965619677980662
8631,2.293241831,2.712936230251624
8158,1.981144768,3.467887510050274
7178,1.434101589,0.8314814528899815
6138,1.157232911,1.1094409661470404
6322,1.18956347,0.8977519704250121
3963,0.85231281,0.7126070125360034
7149,1.422870628,0.965537491634982
10012,3.279955353,2.8360749346126
3299,0.782938773,0.5000491089606894
7131,1.414538673,3.0007722600340534
6790,1.305014622,1.250304114152704
10600,3.976084766,3.520416114888363
3614,0.815613625,1.2513831293194828
710,0.463249971,0.8351890233221122
4938,0.967130768,0.7670079994511132
4580,0.920864845,0.7141184558900434
407,0.389371467,0.6445313349250524
2751,0.726537216,0.7149520998633241
8608,2.275596787,0.6160342786888345
8650,2.30273875,1.6634786188962156
1904,0.645882452,1.6063308052198688
3118,0.76445218,0.9003653112875163
1056,0.527097688,0.4954954883562969
4238,0.882966285,1.4202447855481966
6935,1.350680222,1.168078967048504
5303,1.019535746,0.8602215217778771
3265,0.779891589,0.8480942166962292
1123,0.536026319,0.7127663753079516
5603,1.063545235,1.064679516230881
7591,1.631695867,1.5908155252577232
3710,0.825011659,0.9334180546957651
6962,1.359125789,1.672237931712665
8764,2.384770383,2.49918758244378
41,0.212537575,0.6904905947583495
7068,1.392677249,1.1909138458120225
8456,2.1726847,2.9514114197809596
3244,0.777884025,0.7565401075189145
9653,2.978568538,2.4430477088845106
7134,1.41602615,1.333525369735718
4264,0.885815698,0.9672972574769245
3737,0.828496409,0.8602000943416901
3154,0.768771579,0.8427040495629473
6932,1.349842446,1.7455039458473334
1807,0.6351176,0.6454255285157415
6249,1.175193028,1.133360288424673
7866,1.776490858,2.097793620969725
10417,3.693614304,2.4558956379002614
7493,1.578952416,1.246962908018291
6535,1.240652233,0.7853199269223912
9425,2.822378051,2.9431792531417806
6637,1.267061842,2.725383173686663
10795,4.363328484,3.9740287334407385
4202,0.878998149,0.7747145571041274
7365,1.510440934,1.0605038686932313
5386,1.033302282,1.2430020756874756
633,0.444411845,0.5564532621376806
10681,4.119635552,2.8349808127664957
4560,0.918689124,0.9040981639407459
4210,0.880013831,0.7877358356834496
8537,2.220449383,2.506410264335792
131,0.27196124,0.8757205239299309
2405,0.695816235,0.7152971324191609
7917,1.809876296,2.5896602489782614
1118,0.53470235,0.6091654077352042
8443,2.164117773,2.455948710283668
96,0.251674937,0.6769166997944328
774,0.476734017,1.0078301819160898
5012,0.977324302,2.168650640848339
311,0.362280123,1.0153656975688146
5736,1.083585962,1.0334223632377648
11001,5.315528066,2.415001097370234
9688,2.998808049,2.9846199760461074
700,0.460513204,0.6741724244020458
3777,0.831651679,0.876538493004122
469,0.402937458,0.7823937068654967
3284,0.781340507,0.6408099186558412
4782,0.94341803,0.8749466285979495
8791,2.397831356,3.373073769192787
2232,0.680120885,0.7090072267924107
119,0.262779313,0.8738431503098837
6001,1.130441053,1.3881064928492968
9172,2.654167246,2.7324366623437597
1427,0.584359031,0.8087728788171563
9579,2.926918873,3.019883981930822
10088,3.338535478,2.473145842585577
2191,0.676087477,0.8601847811192372
10448,3.748315877,2.9413509101934436
1149,0.539742813,0.9619300566840826
6179,1.164599594,0.8694468133412132
1178,0.544706942,0.5924760550786771
5022,0.978589462,0.8235945836986829
9423,2.820838293,3.008281827880419
8708,2.345082194,2.897090133204476
6395,1.204183462,0.798212179071329
1965,0.651646768,0.948232781330595
6394,1.2040218,2.698817104139474
4377,0.89899695,0.9992660937225484
10658,4.070180586,3.049428886818831
563,0.429050416,0.6367416013040869
8956,2.516348251,3.015100395474936
5030,0.980288892,0.7671906536248672
5165,0.999151086,0.7833730254709891
9169,2.652164969,2.765857451019348
7267,1.466593307,1.5096422724505056
5331,1.024391934,1.3287592101712882
9594,2.936884384,2.9565442275842075
10915,4.728781902,3.6278720806778724
4972,0.97137002,0.8448496970616539
7535,1.600245523,1.31586580789806
7881,1.785434835,2.5764349185725806
1952,0.650439476,0.7185777731963242
7739,1.704054368,2.1203550604472774
6792,1.305151429,0.9094309268093125
6345,1.193417635,1.4516948867329416
9904,3.192504588,2.62235413535243
10988,5.235871344,2.662094727693559
9197,2.670795669,1.6599840712778267
6759,1.297439282,0.7946649201659116
2088,0.663783211,0.6397374783467157
3617,0.815921864,0.8347955477022396
10428,3.714844066,2.897069403214092
4060,0.862447113,1.4972008858109465
6977,1.363278358,1.152388066246905
6329,1.190536523,1.633979474951507
333,0.368110228,0.639175173712114
5805,1.096052019,0.7989055371333986
8681,2.32322657,2.2613517212333916
3533,0.806767424,0.7941948716084597
10538,3.865890112,2.917669031356294
6711,1.286737617,1.9149298451933061
9058,2.580277081,2.979847348069234
10473,3.785052951,3.0417737966511256
450,0.398725178,0.8119304638908744
6888,1.333723332,0.8972220197919919
1791,0.633190096,1.2952711959861039
3184,0.771555791,0.8560030583278964
9926,3.215208607,2.1677279666278384
3772,0.831297629,0.8368420748759964
293,0.355236823,0.5942869245492366
5358,1.029229905,0.9713363135850864
7381,1.516468407,1.8247276376722468
1523,0.597473769,0.6793917157119923
9282,2.729693943,1.4139097130225127
10738,4.214970974,3.6816192237747174
10409,3.686139011,3.2372618996150138
1981,0.653234393,0.9073829812510669
4957,0.969802072,0.8382715976488558
8742,2.371565596,1.9223601587660497
7129,1.413807362,1.0013220842468287
5678,1.07440588,1.0152092346864565
8251,2.035272247,2.9683427582749586
852,0.487314936,0.7775306243565484
7017,1.379594135,1.3274978692144541
3621,0.816413147,0.9037861494785918
6027,1.135454424,0.8314637224181298
8454,2.171047688,2.9040101193744943
7025,1.380967537,0.9868545571807877
6526,1.237778257,1.2459839559934738
5648,1.070148566,1.0717934705804875
9367,2.788362266,1.4579077421794862
4791,0.945042568,1.3217928523637397
9886,3.174185573,3.1370850761553575
10813,4.409513297,2.705212815914008
10705,4.162885656,3.052881585335191
4281,0.887146371,0.7510403835453635
10577,3.935238651,3.036486679112607
1110,0.534152507,0.7428603882610839
5597,1.062571493,1.114197751451976
11044,6.28900205,3.9040583880900557
6844,1.318669487,1.1148543446667534
1303,0.565501479,0.8794593460172669
1825,0.636784184,1.2812076099291372
8367,2.118375594,2.495357275907617
1285,0.562559551,0.8220555815536509
9963,3.244074769,3.8079330538588354
9001,2.545076936,2.9892566045241606
8511,2.206121152,2.2962838011935007
500,0.411052983,0.8075020005317967
2210,0.678733095,0.8351153183317229
5936,1.12008346,0.9865240605952565
8204,2.005816691,0.9985752055681051
9517,2.884146098,2.890590398724458
4770,0.942222151,2.797334703039395
2238,0.680550342,0.8005329955689946
10885,4.616286488,4.268604105927909
9369,2.790397126,3.658468136626081
4365,0.897640848,0.7674674139156226
8054,1.908610364,1.437726124467467
9873,3.152989538,2.8814630786714255
9355,2.780140148,3.6314213900379353
259,0.339018046,0.5677078411058922
5210,1.004975236,0.788511198849658
50,0.22644742,0.8319414293164428
4417,0.902425014,0.7784714220392935
8483,2.189926064,2.4178952613843094
7352,1.504577627,0.7576364291767012
2963,0.746589829,0.8738606679724329
8314,2.079719206,2.373066319063281
1472,0.591204653,0.7186098191176544
9411,2.811774091,2.6130405378209223
4299,0.889251757,1.107839749950844
4643,0.927783466,0.8462267007069115
3880,0.841623223,0.8602000943416901
10059,3.319451888,3.283626059351613
299,0.358271898,1.159352677777853
624,0.442566312,0.9286636283144623
7456,1.559059558,1.0377276052645006
1688,0.618930399,0.705280582720775
8612,2.277439071,2.795136470391137
4215,0.880435819,0.7465185942971893
6567,1.24836158,1.2067328055809103
10985,5.192176544,3.4380589942375943
4448,0.906380971,0.9933872508124056
8126,1.956441334,1.4734861686175798
1142,0.538878713,0.7355701050816124
971,0.511938668,0.7314906139372479
3942,0.849359891,0.7395809685211637
5337,1.025408064,0.8658811444875048
3006,0.751766764,0.862168314027518
4162,0.874481859,0.8566704990472487
8893,2.46868283,2.6284403902587448
4982,0.972667031,1.1318316441579253
5863,1.108143294,0.7164472373945967
2492,0.702179715,0.7929150526071501
3002,0.751246604,1.0103776187930975
5674,1.074077194,0.9513567955477127
1494,0.593767934,0.6330354794223623
9021,2.552913515,1.4619106218841285
10721,4.18576935,3.5484707628382433
2124,0.668057685,0.9810560079004736
6678,1.276676455,0.9847440442777929
9037,2.568048054,3.082376710810644
7189,1.438993746,1.38198351699048
1068,0.528970044,0.6037842475213411
10477,3.789672031,2.9442100182475133
8241,2.029146152,2.6659558453681362
4665,0.930113143,0.8572046351803777
895,0.496803665,0.8132917566190409
10909,4.702866295,2.564603686818441
3473,0.799884895,0.8901544127080087
765,0.474683716,0.3981499955635901
8291,2.063461774,2.121979061036014
9288,2.734431478,3.010645297035851
6904,1.339794786,2.4008957327666125
2227,0.679881824,0.6262226539906897
3133,0.766300321,1.2458550192124498
565,0.429483145,0.5208577233277074
10575,3.930684444,3.0700952186748185
5071,0.985820279,0.904644128122017
8262,2.045791149,3.3273811181282116
6069,1.144620245,0.9948335072259992
7936,1.822178291,2.1423280765833623
5434,1.040777224,1.1223909934276528
6148,1.159470732,1.0234845149740341
2030,0.659071076,0.6149003998359153
2108,0.666035404,0.9865906938623694
1923,0.647816013,0.8060094569439442
7558,1.611195384,2.268354694282213
2534,0.706100276,0.6803803689486009
8709,2.345310523,3.533876607840093
4076,0.863341896,0.7896778926026081
9139,2.633478795,1.9787870701942056
1730,0.624283047,0.6860478654436521
6876,1.328136207,0.7887078756771603
9497,2.872924574,2.634467657591045
6762,1.297924943,0.9690872743241369
5133,0.994701624,0.9727962219499302
4007,0.857607804,0.9319203383147159
9441,2.835791517,2.4078455735469375
6389,1.2027615,1.0223088722983522
6112,1.153615831,1.1658302272972314
9881,3.166865794,3.458723135896389
80,0.245955786,0.702903643137434
7981,1.857227953,2.121818978542657
2360,0.692117133,0.7445666423200381
2855,0.736020566,0.6453459362572406
335,0.369115627,0.575277041201538
7236,1.455530605,1.4158375192057324
2412,0.696624635,0.748252456471419
8013,1.881883759,3.9899603216924167
2858,0.736288848,0.933297658975576
6661,1.272220507,1.0696687841415986
5798,1.094280346,0.9096274402780835
6848,1.320047053,0.9321697261863139
5629,1.067144637,1.0028253661566287
6062,1.143366031,0.8415726082128813
9705,3.015906206,2.6411807082679366
3773,0.831384106,0.921377050895783
3753,0.83007514,0.822466423460063
6826,1.315500489,0.8100807790512252
10797,4.363974292,3.5879366553949463
3837,0.836590425,0.778808818690086
8283,2.059827732,2.410478439659953
10879,4.575136699,2.6950362767441995
31,0.194413635,1.0544854814159317
8694,2.333788298,2.487596372161768
7485,1.574839366,1.5577963194873894
4065,0.862615184,0.9768511470544428
1562,0.602296371,1.476423502443083
10402,3.674477609,3.3521587417540415
5425,1.039650349,0.8398751554806417
11014,5.483494484,2.2581017164868458
3297,0.782791275,0.7478198465764218
7836,1.755198361,2.140081120310791
3692,0.822901217,0.953123899959556
7366,1.510840975,0.9730102101873038
4376,0.898782578,0.7553302896287094
2152,0.671133655,1.072386605862298
2245,0.68136937,0.7383991670865149
373,0.379249393,0.8438421609124153
5202,1.004135227,0.8322503628890002
9486,2.865250376,2.94175937062911
10752,4.271663231,3.1993015299284244
4149,0.872208945,0.7451785881765467
7598,1.636111396,3.053562296569026
3470,0.799703248,0.8884688871166042
9729,3.029708025,2.801809443004353
4952,0.969102622,0.8252262969586724
4052,0.861887577,0.7813602241081609
9595,2.937771781,3.5269666429024653
2270,0.683295803,0.8162163474929031
7047,1.386837845,1.2430020756874756
10578,3.935672162,3.2683191674078027
6346,1.193735222,0.8854570027590128
3160,0.76932721,0.5748619580655034
9936,3.222641394,4.35567630536293
1213,0.550539338,0.7629561912648014
3857,0.839009964,0.7561960730607923
8316,2.081087912,2.206205256540292
315,0.36361579,0.49106271942452984
3031,0.755694594,0.8245876767675073
7066,1.39231092,0.981892906082282
5554,1.057052254,1.181448685784802
8805,2.408194836,3.403709523355431
8257,2.041807709,1.736501591322777
7145,1.421463286,0.8955264302173138
4573,0.919898492,0.6340645459901716
2874,0.737673996,0.6631535234161661
1691,0.619089804,0.9016030755512736
1160,0.54131204,0.868022625262227
7856,1.770443122,1.5389457012269168
3573,0.811508267,0.7152182153244484
6004,1.130578947,0.7536695131702318
9616,2.951363061,2.2933919079320315
4773,0.942576366,1.3780032730822347
8565,2.244543109,1.6758474364260756
3694,0.823531653,0.8095255648100724
6045,1.140139553,0.9785478670656155
7784,1.727029438,3.443039521103136
5399,1.034712953,1.359230827894034
4450,0.906795603,1.0218412153572232
2495,0.702466232,0.712619805587067
5609,1.064194027,0.7363209729726823
10225,3.462341174,3.545454371124557
10983,5.147084653,3.1049375008700038
2956,0.745593769,1.147190457230803
3107,0.763091367,0.9936217754916831
8481,2.188240463,2.410196129009518
713,0.463423582,0.6292248304157191
1669,0.616228356,0.7631778337632439
937,0.507226706,1.1173601603458005
2055,0.660541622,0.4860604659458412
1087,0.531621644,1.0945174042779768
4803,0.947289356,1.135815331730079
8928,2.495729456,3.544723886580792
2847,0.735009945,0.6998790583050706
1457,0.588435634,1.1080312580130287
8187,1.99816188,1.4699618400656727
6802,1.307488364,0.9638664509404317
1393,0.579619779,1.2666393339821602
881,0.494448241,0.9666815527926467
9162,2.647419363,3.1581633165994814
7713,1.687807006,2.9264777023488726
3307,0.783547118,0.7883798373913893
6690,1.280180272,1.2092002679343172
1662,0.615414386,0.8381520000692283
3319,0.784578547,0.7259711098365561
5981,1.127246371,1.1575663639868752
3464,0.798807943,0.9866100597233909
6664,1.27331345,1.0049114064495908
9393,2.804297278,3.2140898041624975
6237,1.173443951,0.9178559384551628
5632,1.067536446,0.9162493331102111
532,0.420658794,0.7998074541603316
8390,2.131324453,1.9745225321219575
8008,1.878609103,1.2465634630912348
3060,0.758206383,0.8358739500839871
3272,0.780624797,1.1068417564177842
10775,4.320958309,3.6794819729015273
2701,0.722004097,0.6396367802050125
6523,1.237465568,0.8355326619148129
4010,0.858113792,0.6719037022137788
1180,0.545028853,1.0519127875648124
6421,1.210516162,1.4360407797360317
7463,1.562895287,1.3453643345203588
6387,1.202454805,1.2298365964285352
958,0.509519436,0.5264397023076107
3101,0.762381805,0.8624850607919843
5931,1.119214812,0.7430248345128893
733,0.469068273,0.45549245250582837
4029,0.859506016,0.7539798961752611
1188,0.545999794,0.6536082787300294
10589,3.951931795,3.193174889278121
4219,0.880947056,0.7171075960816583
5501,1.050767963,1.1979149242968266
8077,1.923184848,1.3146166729723419
9846,3.128459417,3.402778004608099
2183,0.675049977,0.785925968321049
8596,2.268658124,2.143540140910216
5155,0.998037445,0.8399495169235087
6086,1.148179208,1.1334120437392663
2813,0.731815867,0.7516315355493537
542,0.423844574,0.6413848121324126
1210,0.550141314,0.9303949422186832
10883,4.597113557,3.6543734918092334
123,0.267456536,0.6723093248231339
3519,0.805483471,0.8101728837949502
10494,3.807535456,2.9180454095912003
7893,1.794914482,2.9454458415825195
9016,2.552514575,3.3885031442372
3329,0.785297534,0.9367370058947335
9226,2.695321068,3.286940769784533
9788,3.0789736,3.8655045756602564
2954,0.745435198,0.8131497359000378
4667,0.930535525,0.7723575303404033
3467,0.799351646,1.2597362398577416
6800,1.307078968,1.0570276307730624
7202,1.443996397,1.469861832904461
1566,0.603104578,0.8948793602597404
7852,1.768291289,1.7964216791430516
2154,0.671378121,0.6348017174336283
7100,1.403671195,2.8295683344137315
3333,0.785663033,0.7877576951165548
2894,0.739565759,0.8739090513967362
10145,3.383329617,3.060494201114681
295,0.356493911,0.798443684439174
4740,0.939253711,1.0004237430619245
6779,1.30199043,1.2881397845097189
2478,0.70119765,0.750037895626219
286,0.350917038,0.5631629752058926
210,0.318868555,1.0874684503858059
2127,0.668272523,0.8376558954926987
11013,5.482229837,3.43081577828095
4313,0.890948782,0.964192116456203
7615,1.645485127,2.107697934182623
3679,0.821661809,1.234918068609346
5829,1.100911312,0.9193967896984263
6662,1.272316937,0.8173305335014016
7717,1.689519031,0.9573573315270267
549,0.425660439,0.39803023582506375
7182,1.436707796,1.2439784575974688
676,0.454651861,0.6993536085452589
5532,1.054855338,0.8874287828612626
9992,3.264791903,3.6528802266051232
2909,0.740952862,0.7896858070266621
4454,0.907150032,0.801017494597092
8732,2.364529457,3.267534635801312
7222,1.450765591,0.8947608972243588
3038,0.756208568,0.833088312492999
8069,1.917158506,1.9888816276321437
10697,4.147201824,3.553225840419168
9787,3.07894476,2.789911484612182
10854,4.514060954,2.590932711591298
5044,0.982105627,1.265408879831908
10700,4.149190796,3.371271841419714
10547,3.88303496,3.218814633510025
5514,1.052301894,0.7934968122186605
8740,2.370360608,1.5380843745647663
6991,1.370852892,1.1785981335081706
8892,2.465586826,2.201545405576176
1732,0.624348364,0.7065225541569509
1786,0.631855811,0.7991671869849603
7065,1.392191371,0.8806938090387111
5676,1.074201523,0.9967481407908247
6433,1.213354155,2.2326734103169215
8351,2.10990757,1.3841878119992452
8165,1.98445886,2.088800750785762
3566,0.81039355,0.8975298894688732
3656,0.819259556,0.6904209266875477
11009,5.429274201,3.8911809126657775
1261,0.559069105,0.8636874296483648
3838,0.836644582,1.6461648617655693
10683,4.125267128,3.3778884498290154
2020,0.657621267,0.824940030926234
3971,0.853453832,0.8713682222010801
3860,0.839346209,0.8635769370861017
4466,0.908818126,0.8654546022731207
6915,1.343286478,1.0315118987654823
2315,0.687502607,1.1266687160318882
8802,2.405995936,1.4835108763671443
9845,3.127800912,3.0750140652613633
10261,3.510840762,2.8072329133382703
6906,1.34026204,0.7791482013217355
6994,1.372064242,1.2372064569150523
9489,2.867986133,3.098489197871962
8615,2.284439115,3.125560841181229
8295,2.065489232,3.2322449751712963
6422,1.211062973,1.0002842481697216
8441,2.163672904,2.2882966780131797
4165,0.874825833,0.7702202118537799
467,0.402690723,0.8094501082847659
3914,0.845839205,0.652164109020568
9633,2.966016403,2.843814526239145
5262,1.014813446,0.875096366901143
10077,3.326988559,1.9321546950714326
1883,0.643038899,0.6318078011207292
1758,0.627294344,1.0516642867880412
106,0.256208849,0.8214386970561367
6700,1.282958789,0.9637402404975
5849,1.105880694,1.0967508910730952
590,0.43528562,0.6800739954793096
7798,1.731023526,1.3792173806392156
1746,0.62593633,0.7298327304441319
4189,0.877939305,0.8298488942906642
9552,2.908250876,2.7130606911463175
1576,0.604255126,0.8021075140919136
3468,0.799372337,1.0236642939480742
8560,2.241897025,1.857561755522013
5695,1.076817453,0.7434386777853667
799,0.481682291,0.7318828668344027
9360,2.78463181,2.5406078652260566
10714,4.172009191,3.397475837502174
4291,0.888497513,0.7395413582074867
2514,0.704026243,0.7932687083544593
4385,0.900119397,0.7174330379918432
1740,0.624965022,0.7901960352503506
5092,0.988106285,0.8559889707865003
3755,0.830257999,0.8055606879594424
2980,0.749276026,0.7062241695082954
3378,0.790209543,0.7853934013420588
4852,0.954658983,0.8212784469824553
9701,3.011096668,2.0842661333152086
8757,2.380235638,3.4812451612406567
10309,3.560792042,2.9650843321773466
4421,0.903337246,0.9299289263355569
9168,2.651889055,3.2268515719872166
10991,5.242756199,3.6250373223153427
5181,1.00158409,0.7570367681223902
6339,1.192317124,1.2927456423661758
7505,1.586989292,1.5577963194873894
3592,0.813504846,1.003377527883434
4513,0.912991861,0.7546069605492113
29,0.191910871,0.621453832153145
5762,1.087430397,1.1982045337833278
10949,4.915135765,3.4297088382816634
4826,0.950885015,0.7845328643076356
465,0.401947166,1.072266509538537
9440,2.835652343,2.8185688897524837
9316,2.748864103,2.6836863788256182
568,0.430275244,0.8115727560099794
6213,1.168743735,1.0036883218560584
7628,1.648100915,1.3315489974788743
2009,0.656468109,1.2788487025718964
1245,0.556659417,0.8479217831465126
217,0.321754199,0.7770937829708168
3742,0.828836832,1.023147799282008
7791,1.728631152,1.1590454314926295
8369,2.118737322,3.4784952693115456
108,0.259243121,0.33623184601851885
2516,0.704232039,1.0831902796890076
10334,3.587700626,1.874169408416612
7246,1.458179048,1.0454640785114462
5856,1.10746709,0.9459613122620387
5748,1.085564697,1.1136331369131054
4184,0.877270283,0.9125396302391292
2865,0.736868053,0.947463296703762
2759,0.726772703,0.7917990503660081
10018,3.293839719,4.335776162776888
10426,3.711020061,4.10722876289036
1090,0.531891223,1.2799767294063722
7659,1.662508099,1.2659869787361755
9987,3.260104361,2.804646083867114
2199,0.676857262,1.1057921237085642
4808,0.948585337,1.1329811876669968
4393,0.90107652,1.1942614789795256
3050,0.756972939,0.9196226465220015
1891,0.64389856,0.7409335531073029
5170,0.999960012,1.1744590218086632
6245,1.174496462,1.3625257032181701
10699,4.149189915,2.179192764061224
10845,4.491957189,1.1668673790036788
8184,1.996970795,0.9409192197588
9494,2.871705344,2.2582018450759422
1844,0.638329698,0.7785882760790122
1578,0.604359241,0.988067182218698
7977,1.853764545,1.8224947120811597
1889,0.643568794,0.7397693377345783
9173,2.654203198,2.596636938675976
8149,1.975887235,1.9029969982282975
8548,2.228409257,2.453898299262254
5820,1.099413304,0.7599061929705015
8628,2.291566685,2.2947638896649307
10558,3.89970399,2.529152328868969
6210,1.168321168,1.014609575473854
5391,1.03383332,1.6288936914566865
10737,4.21266315,3.610059008868585
576,0.432774801,0.8287990169733527
4269,0.886004369,0.9148014561325156
6408,1.20695755,1.0678332084733733
5825,1.100299349,0.9510907879356127
9351,2.776433757,2.705519687089153
410,0.389853022,1.0837887369873727
1320,0.56829829,0.6106638429048833
777,0.477707712,1.3117611053165157
2692,0.7209254,0.6612643232184319
7599,1.636329761,1.3841878119992452
5650,1.070591003,1.124960589618094
10,0.127180119,0.7947897880045601
4028,0.859490668,0.7734928007458999
1650,0.613572813,0.738331305395898
8951,2.512389805,2.2759622558818626
1217,0.550915337,0.5780890293011488
5009,0.976862669,2.0666951339640014
3027,0.755153314,0.795522217132825
718,0.465676749,0.8351890233221122
2974,0.748342576,0.6984004453799544
10361,3.630315943,3.009950997173659
6608,1.258969787,1.0622464358998904
10500,3.815733584,2.308165405901249
736,0.469465339,0.4855601569962105
735,0.469400733,0.6480379356743083
3994,0.856305132,0.9994282106417784
10066,3.322587297,3.0433746900626137
3146,0.767955483,0.6389958643795255
4816,0.950281482,0.6819827595359551
92,0.250408168,0.9104898569566054
10330,3.58222386,2.93393074567304
3463,0.798429645,1.4397780747174396
8012,1.88147035,3.2493155204875737
4731,0.938230746,0.7225994227092436
3058,0.757839738,0.9603193296849822
2012,0.656829439,1.0461221538089398
496,0.410345656,0.773700526704828
8331,2.09626113,1.6279522755413267
9794,3.086380019,3.6045068223978722
8406,2.139246173,2.920220138395252
5173,1.000173598,1.362994783414355
5844,1.104597419,0.7166619150183642
9523,2.887618649,1.903394116494933
1206,0.549686069,0.9825030774772753
6685,1.2785776,0.9283396428805865
1175,0.544270355,0.8656273015955773
3448,0.796572551,0.9912762212690207
5180,1.001339099,1.0928508330626014
5081,0.986745293,0.7896831329422478
1195,0.547511458,0.8333830204745398
8603,2.271764725,2.004709100487243
9430,2.827733602,2.8962202321629764
4618,0.923617496,0.8141311688654398
3396,0.792001264,0.7415883197122995
1768,0.628485253,1.0572892486252694
1369,0.57765849,0.7521829911211286
10859,4.520776593,3.5624466104913126
2748,0.726348399,0.8335653433169341
5464,1.046309602,0.9763816599704735
288,0.351511574,1.840168777007108
10224,3.461937095,3.491479880235311
4772,0.942459415,0.9141878581432794
2453,0.699353086,0.919306170732548
3043,0.756476603,0.8053383265756436
7940,1.824040672,1.262618201078166
9340,2.766990269,2.4121864616494126
8940,2.507188898,2.824917164820559
388,0.382716978,0.7963913293533752
836,0.48545538,0.4632119090070803
8657,2.306665604,2.763547003649877
6781,1.302752511,0.9359228529492747
1509,0.595743265,0.6011538393272756
3527,0.80611239,0.7880026486963307
7188,1.438570923,1.8440592191761367
7656,1.661401507,1.0993815056350875
4989,0.973373094,0.9753051894967251
3312,0.783768666,0.7242868892666074
5851,1.106003654,0.7669295647076078
1112,0.53421719,1.1320307109193815
9148,2.637504517,1.7802017639614829
8540,2.221735062,1.942126531941871
10713,4.170718221,2.6584398769365483
2455,0.699433125,0.9099449567379627
2952,0.745282516,0.8311718909860898
267,0.342039113,0.8790404908340245
2260,0.682221577,0.7975818124495987
9698,3.006365306,3.1942160566624773
4561,0.918689627,0.9008121772430564
2351,0.690983082,0.855458309960641
5361,1.029290988,0.9874720249760265
4023,0.859095368,0.6991292023301879
3351,0.787441551,0.9123409081256176
5573,1.05958766,0.7467342810031141
8337,2.099423805,1.2706762657909547
1935,0.648810723,0.9414071555472109
8730,2.363721345,3.167465360122166
416,0.390639955,0.6260341136229466
8675,2.320609916,2.860242014576035
10519,3.837638038,3.3125924376280027
5689,1.076041106,1.7335982874500566
4794,0.945640701,0.7824180439465632
3287,0.781799836,0.954728873991921
3025,0.754594575,0.7002509818450652
1953,0.650484186,0.7799863865737977
9999,3.271742466,2.3682665182721907
7812,1.742966351,1.5979132850740052
10017,3.291994525,3.258548881093437
6226,1.171185428,0.7950047424310888
5338,1.025683068,0.791316456365913
3574,0.81178313,1.0224819345037979
8,0.12298569,0.8732302274553511
10202,3.437953421,3.0963447907723407
468,0.402784879,0.9540411701974465
9826,3.11404081,2.9124274135198363
7991,1.863106104,2.399696659276318
6492,1.230259663,3.203730208538446
4352,0.896368578,0.910085822203022
921,0.503887217,0.8079257376702486
6947,1.355351106,1.1633123473009697
10151,3.386063812,2.8331631510966813
4924,0.963865961,0.7438847761314967
3011,0.752586499,0.7153104428439865
1626,0.610746978,0.6492326231377848
6280,1.180533178,0.9948427911759483
3615,0.815831005,0.6654092659323694
3781,0.831767933,0.7199600770581445
4823,0.950648358,0.7313209063120973
3785,0.8321814,0.7637153826808939
6920,1.345774528,2.107697934182623
10456,3.760660321,3.709562927832062
10027,3.299105037,3.0121312202627846
2157,0.671557891,0.6714048864285197
2344,0.6903085,0.7687391337312028
8193,2.001181656,2.2933919079320315
970,0.511823013,0.8628188431661168
794,0.480309509,0.8157557866460025
730,0.468513771,0.8417256490782503
6075,1.14544575,1.0244054667823261
2522,0.70481607,0.9141740369743635
10074,3.326577432,3.2674015937932674
3646,0.818296237,0.8990877961061993
9932,3.219070719,3.1488957642849646
3204,0.774179085,1.0993542267022252
7753,1.710555054,2.9755665797767863
5491,1.049492004,1.3385591082537371
7416,1.533700447,1.9881003307927378
2128,0.668280426,0.70650051223246
10472,3.784694395,2.85605647784921
8342,2.10319285,2.8275680879544836
10785,4.34543285,2.913536647810601
2628,0.714972631,1.2259622386419051
704,0.462562418,0.7955215318897181
5130,0.99416549,0.7054899776515006
8972,2.530424213,3.0786210139794328
8621,2.288503274,2.702648145635354
245,0.33506285,0.8431637708009837
6968,1.36069741,0.926490371102605
3647,0.818471099,1.8265830150771583
5389,1.033529859,0.9923103832553221
1078,0.530115837,0.8081712809190892
1885,0.643102467,0.7648264876456587
8244,2.031518615,2.668445420081254
7376,1.51440297,1.4703588560040095
5129,0.993999914,3.1042306566007274
1584,0.604986433,0.9418127456438988
7707,1.684971422,1.8230545024534428
1851,0.638894565,0.6612074322478914
3418,0.792815624,0.8691967417675621
3090,0.761580521,0.8284834463918349
8765,2.384811797,2.8298737915288172
1111,0.534185896,0.6825839208012268
9478,2.858625918,2.683949437461042
4825,0.950871225,0.826248988541145
4833,0.952018975,0.9533940860413922
1670,0.616401173,0.7696828938496331
8983,2.536721356,3.1444486107323475
248,0.335899638,0.7434681124335436
2861,0.736490599,0.8515563412285101
4718,0.936596872,0.6925450635151448
63,0.234781483,0.7418617196284841
10211,3.442918626,3.8422365042608257
2627,0.714957512,0.7113134997795295
7817,1.745662552,2.3406176591227243
6407,1.206807242,2.0808198890021576
1486,0.593098963,1.1006030415397012
5582,1.060764916,0.8990700167436974
605,0.437843156,0.6048873780325958
1533,0.59897054,0.934398198433719
7262,1.463171476,1.0247433729428819
3894,0.843509595,0.9406666047206707
6505,1.233367374,1.0751474037874231
8215,2.0128828,2.6861009280589747
1355,0.575268381,0.6788916835489562
3955,0.851363705,0.8061594966542173
3999,0.856871705,0.8396362090374153
10148,3.384644371,2.3396504386393095
1330,0.570295125,0.9585080819253256
10226,3.463811728,2.851280893910898
1002,0.515854446,0.6773773048231103
1623,0.610244065,0.662829459605991
6903,1.339629891,1.5221499161705023
2457,0.699658067,0.8217848049053752
5651,1.070957375,0.980406202747905
1082,0.53118117,0.8419419661811595
3314,0.784088521,0.7021955027998759
8102,1.941065117,1.585237356444989
1039,0.523277667,1.1074474061169317
3669,0.82069234,0.9907603678103296
10861,4.526033703,3.07177681806309
1026,0.521581634,0.553190255181021
263,0.340549173,0.6398816401382804
2075,0.662814318,1.901869625931252
1247,0.556749045,0.6220855955044189
6798,1.306784999,0.9135380674153951
1718,0.622213205,0.6894506237986056
655,0.451184873,1.047233761629273
623,0.442382082,0.6811737474221535
8536,2.218448649,3.978188084590715
8405,2.137636223,2.38623694207083
4315,0.891510124,0.8850946733495964
6187,1.165607206,1.2117374404290087
8127,1.956522489,2.3349761705764447
2651,0.717562973,0.6414344168339238
2498,0.702756622,0.906408663435017
10621,4.012580401,3.5523370309537237
7082,1.395268754,3.3680061860913755
4877,0.956642277,0.7365609990228501
1166,0.542896916,0.7469103552035579
1107,0.533139447,0.7430197992864476
3413,0.792527779,0.7115534619602601
1950,0.650344433,0.7572459260951427
9445,2.839289672,2.3688703502903454
6623,1.263800126,1.014568984130271
7747,1.708497019,1.790954776480402
1839,0.638080149,0.6169965796329824
3689,0.822753828,0.7270288365931757
577,0.432813921,0.7375503804073923
10801,4.373888672,2.901516056212164
2337,0.68954704,0.6162944541680184
8413,2.143468409,2.7442078858631356
4844,0.953548541,0.547490011991213
9276,2.724603618,3.6797961378899036
7103,1.40500368,1.2129533276184117
3948,0.850167828,0.5992716986068872
7680,1.67180785,4.055329956451434
7518,1.590385766,1.992446412996779
6785,1.303299192,2.675593886774048
10966,4.987537002,3.693431822198571
10386,3.656510252,2.9180454095912003
9015,2.552175581,3.01887153746118
409,0.389502567,1.223479017017594
9695,3.003009715,2.2722255692498337
4343,0.894816798,0.9330476305015938
76,0.242692304,0.5877604823385253
5380,1.032128759,1.194552690009246
8003,1.871929352,0.9350774477459234
2815,0.731933949,0.9061220238983622
7859,1.771564773,2.9182611798940905
6751,1.29424508,1.039250764992349
6443,1.215888414,1.6217038016103829
8724,2.357212565,2.921590796437433
6216,1.169167007,1.2158497159542259
5369,1.030265312,1.107839749950844
8850,2.436951059,2.6576026282992764
9090,2.599089901,3.3768881763100973
10319,3.571165315,3.020216527222588
7756,1.712595731,1.701163365945712
93,0.250589561,0.7888650644785624
6747,1.293208038,1.627202330070091
10081,3.330055722,3.066125545336515
683,0.456521166,0.7934362171521964
3886,0.842619398,0.9088884204877504
647,0.448477978,0.6590370300718458
3132,0.766224618,0.9294757285423836
714,0.463483706,0.757639841079784
4617,0.923577776,0.8490664458755397
1076,0.529928212,0.7815257030383342
290,0.352825324,0.6033110135776151
1803,0.634967523,0.8245535805234404
1905,0.645895649,0.7534802983444819
6260,1.177516598,0.8725170592192228
2288,0.685075273,0.7570617115843152
6832,1.316977945,0.9034582328162509
10895,4.641457804,3.9361949742949816
5956,1.123640442,0.8579915202381201
2221,0.679546669,0.6446706366877578
5011,0.977040472,0.8683301781466728
1488,0.593319134,0.5453289937724437
4332,0.893953332,0.8331231233549757
6390,1.20288451,1.9461139685151525
6658,1.272030533,1.0720576527083248
2407,0.695924244,0.8966050738259724
2372,0.693174553,1.7966435109919092
3295,0.782645922,0.5105505328990867
9383,2.799672585,2.347766700940504
9158,2.643899514,2.2373333353251654
7259,1.460820176,0.966154828958708
3635,0.817376469,0.8985774500531831
8645,2.30072991,2.1238499305876433
8506,2.203794815,1.9446551950409687
185,0.303213532,0.698145156240445
9558,2.911238764,2.682812341219431
11041,6.095728285,3.850658663127557
5128,0.993578185,1.0010623381201122
7487,1.575554615,1.034075472566525
6398,1.205219782,1.1507351676980004
4084,0.86386124,0.9786975293876826
8161,1.983430912,1.4943593892645617
19,0.155495489,1.5871591569181647
1297,0.564051288,0.6460796088593703
2069,0.662171734,0.8288435071228288
4601,0.922730706,0.8882336490320403
10217,3.450383814,2.978057507816399
3400,0.792130824,0.7571838092773694
10445,3.742218802,3.3587287492918825
5807,1.09624547,0.7304438211213444
6215,1.169150227,1.073472445569684
8918,2.488975791,3.24816989290993
4074,0.863203433,2.5180680977952012
4347,0.895450706,0.7945970818097186
7356,1.50534215,2.2426795387258327
3895,0.843515671,1.1003239307813109
4963,0.970383305,1.0434675767990274
4279,0.887078377,0.6996160415820584
10272,3.522876053,3.386788956120223
381,0.381484082,0.8367253933556709
8399,2.136202034,2.9450381448502325
2648,0.717359646,1.563355278375116
7645,1.657286973,1.3582087939125609
7498,1.581547553,2.126981721720477
11016,5.51893536,4.232132875103882
2487,0.701839876,0.7108744206264695
2174,0.673167422,0.8274830057763933
7685,1.67414247,1.4145142895095728
4344,0.894868952,2.9659410352470172
4640,0.927297763,0.9849224102218043
5349,1.027339898,1.1094409661470404
1253,0.557691412,1.1553210165169558
7363,1.508598066,0.8791042213318234
5123,0.992598776,1.1133260650271515
9259,2.717540866,2.5588048520504185
9971,3.250240505,3.165869625627082
9781,3.075231103,2.805928596062982
4055,0.86202639,0.8276939193401804
415,0.390485846,0.6453150328011034
4099,0.866242254,1.1348342040418162
1864,0.640125763,0.6758144892516054
9484,2.864154276,3.5862545991196444
10640,4.047409524,3.0104860008206744
9400,2.80773396,2.683780472857301
7626,1.647899605,1.8659494058333876
2389,0.694564337,0.7619892186254562
1608,0.60814179,0.7199876772784942
10001,3.274300086,2.2518318124625223
8287,2.0617201,2.3217585775426324
10511,3.828454001,2.8942172978737295
8510,2.205265295,2.8333124510911047
10396,3.669834118,3.8308727043712474
9461,2.849607006,2.7608036319598845
8572,2.251179356,3.1240561401792455
9622,2.954786114,2.7006955932262313
3048,0.756899946,0.7213634616444116
3465,0.799164987,0.7507644500250119
530,0.420562704,0.33123495432040767
1368,0.577314074,0.5735487743948693
10241,3.479851463,2.182012490658052
9201,2.671957826,3.185965966123645
10814,4.412148722,3.4182375967128933
9699,3.008354069,2.548209004629067
3369,0.789380777,0.911838215704334
2317,0.687546838,0.7214581821287919
2216,0.67918538,0.6579586869577805
1437,0.585937815,0.9195373936164501
4626,0.924782412,1.4929476452105563
3070,0.75924232,0.9042930557679176
6717,1.287537481,1.3319959433116315
10162,3.400184734,4.199616441980203
274,0.343838968,0.45431166560881137
144,0.278234126,0.6801125702744277
2239,0.680564689,0.6990111901032013
9828,3.11510688,3.44765754771116
6232,1.17195327,1.5174097962085387
3370,0.789425601,1.0081386761707714
8731,2.364350807,2.6583686047265584
5993,1.129143403,1.0756167419607223
9117,2.617114076,2.595213248929042
7024,1.380672519,1.0427093244699508
758,0.473842799,0.5762391796040763
9196,2.670077788,3.0918864917441855
8359,2.11459429,1.2052735735884512
5007,0.976290843,1.06325496392559
10925,4.809137689,3.411164409755542
1984,0.653333285,0.6617090793148447
5226,1.00715015,0.7701090846796228
2613,0.713764987,0.7934460166752442
2802,0.730371031,0.7724111877057867
6679,1.277044869,1.3582679516627278
2392,0.69493434,0.7677634002970679
788,0.479753061,1.2430020756874756
3069,0.758965232,0.8149773787279266
2036,0.659366284,0.6217685247286998
4480,0.910095936,0.8889745470073988
10465,3.774528369,3.046069513202309
1402,0.581356787,0.8714660549562192
3668,0.820651721,0.7964210485360967
9100,2.603538576,2.086992730889042
8883,2.459000813,2.5867913165510905
10168,3.409406421,3.9608481472504433
3131,0.766155812,0.8091453234868907
2150,0.671061361,0.7449323430934215
5561,1.058314692,1.1669671027836217
9563,2.915440888,1.7513277068673436
6191,1.165863023,0.8896078609610035
2848,0.735025116,0.844064472208823
4329,0.893636118,0.7461074396235122
431,0.395117061,0.8465042409156154
6306,1.186432947,0.9127920396966437
1780,0.630844021,1.064510946552504
0,0.073053442,2.1198533545591256
5082,0.986862733,0.9206291913887122
4273,0.88631469,0.9695744265719242
6939,1.351597385,1.2011727307547093
7552,1.609318758,2.745419428994636
5751,1.085939113,1.7928928199017626
349,0.373017922,0.6730832484663392
10064,3.321360974,3.274681261617977
9364,2.786393091,2.8807841806692247
3393,0.791379175,0.755994419207403
7530,1.596725141,1.7111321891912008
5683,1.074981851,1.6952838582663297
7211,1.448147374,0.8843230607352053
3651,0.819041855,0.8264740848130989
6858,1.322360684,0.9812613919756317
5502,1.050784608,1.1479186546371953
1964,0.651475996,0.9721791643552419
8919,2.489363608,3.4716906476463705
4707,0.935013623,0.9420078699984513
10291,3.542094029,3.7737086945149185
2564,0.708244742,0.8328783594095495
2254,0.681825881,0.7745268076612492
4602,0.922743219,0.8837840406106581
11024,5.607574965,3.3369826169988777
1155,0.540833593,1.115031710644231
3315,0.784096498,0.8234315432600853
2913,0.741546383,1.0221669756799272
2464,0.699981428,0.6763858756529021
5874,1.110046459,1.0088646282703353
2903,0.740241562,0.765616937971839
3776,0.831636287,0.9708930741398756
4288,0.887952422,0.7950504632811958
8513,2.206481998,1.9004414271544936
708,0.462725005,0.6540976579736052
4001,0.85694093,0.9658957572512469
10351,3.616075278,3.3677793685845425
916,0.503085658,0.7752780482089442
10656,4.066218694,2.9904482155655043
5474,1.04707679,1.6452400116035302
3771,0.831223169,0.7943954648068209
7073,1.393126056,1.1194800689887494
1616,0.609524451,0.8126414639691805
7688,1.6746822,2.270390386109625
9102,2.605069957,2.8928337278059058
2709,0.723005075,0.6678108536976434
5553,1.056986128,1.0626052926550116
7764,1.717698459,1.1843322830150276
5403,1.035845591,1.3440048525369468
1833,0.63754219,0.6729945523014926
6208,1.168250959,1.0085820637893075
4342,0.894760914,0.7553302896287094
908,0.500774729,0.8289147119494423
3068,0.758910674,0.7999386501203157
8649,2.30223771,2.4667729159519354
5803,1.095409457,1.172825106226233
620,0.44182261,0.7569602918452591
7822,1.74892639,1.478745992068726
2249,0.681632478,0.7190988328428962
8272,2.0518517,2.7296116648423174
1983,0.653326289,0.9128340394560199
10185,3.422868155,2.941796948491576
782,0.478476313,2.1469872049869143
6870,1.325875861,1.3739715922669136
1156,0.541136,0.5706531154158522
1536,0.599164106,0.6438541276354708
2996,0.750910172,0.7259761683626523
5743,1.08473766,2.050683197390668
3931,0.847988033,0.9115088612027732
9849,3.132209091,3.301388579373329
7533,1.597410383,1.4358618077613543
316,0.363657899,0.49155476385320207
6380,1.199816112,1.081116417786192
9743,3.041777224,3.677420290107681
5932,1.119235523,1.0039080223466643
9730,3.030166076,1.506460702187961
379,0.381419284,0.8196440722320517
4111,0.868023074,1.3835403784901115
6911,1.342688274,1.068822364177474
6550,1.244435911,1.6490062169241297
8799,2.404914645,2.9834118387663144
8143,1.9724981,2.240026559346028
8011,1.880187106,1.2300143290265377
9391,2.802632671,2.679597412483917
5350,1.027444859,1.0244469491774308
9514,2.882538499,2.733155109308995
10350,3.61475722,3.427019553525002
6828,1.315781706,1.1152729370481216
10476,3.787530416,3.092064873785222
8836,2.42879816,3.369368563503667
2507,0.703484095,0.9452030919095764
7454,1.555845195,1.0019396310023043
10564,3.908497555,2.863412106604232
4031,0.859689681,0.8189222925793009
9806,3.097091855,3.196187083343391
2998,0.750943307,0.7207508789647699
9210,2.677909515,3.014605079788757
3021,0.754311644,0.7524324801734755
103,0.254364474,0.7828654364899204
6032,1.136400828,2.024769645865926
2325,0.688143157,0.6680476207023538
7443,1.549173219,1.060303736306287
6597,1.256091156,1.6515540793325445
10550,3.887079786,2.8466788132573777
9891,3.1770259,3.648845203057776
1731,0.624291151,1.3682663672995
9301,2.74095267,2.7279094093456164
8811,2.411920412,2.484895356348154
2625,0.714894942,1.0912402961727583
6847,1.319180648,1.3262037583256225
3578,0.811943843,0.8122519110476636
10134,3.372202115,3.618731418495832
1870,0.640470277,0.7925835311132857
756,0.473664588,0.864956448974328
10865,4.536282469,4.232132875103882
2452,0.699151492,0.6767724074760125
6718,1.287649803,0.9727493827128068
4374,0.898383343,0.9136490507872945
4881,0.95743776,0.7826546262093654
8121,1.950726425,2.447397539412509
9774,3.067380712,2.7291428050953814
993,0.514559407,0.5594943605614321
2119,0.66747783,0.7040656809267578
9370,2.79041447,3.197954635050344
7334,1.497642225,1.0068443173355746
8670,2.316849878,2.0853766491191807
8310,2.078156663,3.0452770727541214
2531,0.705745401,0.8131847307185202
6461,1.21939686,1.3589683914965518
6085,1.148163279,0.9286796783649164
3080,0.760314534,0.5966068252947843
10637,4.043525783,3.370695302366445
4593,0.921754824,1.1893933653963198
7361,1.507037948,1.2888541840546865
4614,0.923430732,0.9989289854525089
6611,1.259419242,1.252581731390481
5958,1.124665701,1.0411534387375423
9239,2.704126741,3.2458087491647643
5714,1.080192066,0.7916025869816958
7272,1.467983736,1.094334398293893
8281,2.059213359,3.2078606100441256
567,0.430102867,0.7210482035522838
7168,1.431291497,0.7756862569203232
5061,0.984932783,0.9040019940024655
9401,2.807873311,1.435606220919952
7556,1.609607071,1.5758741916327075
8959,2.518176785,3.0392671136015457
8532,2.211133123,1.032576244687141
9613,2.950311267,3.52453638296054
7488,1.576615704,1.2493439216359354
440,0.396782773,1.0938039287851458
6084,1.147960185,0.9849705946677709
9329,2.758364612,2.298680991966617
2629,0.714982319,1.590383090201786
2930,0.743073373,0.7489959785691299
8401,2.136515309,2.0601757785793384
3411,0.792511291,0.7874025209404129
6176,1.164523546,0.9919345467063492
6162,1.162416267,1.0430381717491306
1660,0.615186774,0.773309237350031
6008,1.131323005,0.8395790960291791
4502,0.911956634,0.6840344907337679
7780,1.725735509,1.2075301979786082
1224,0.552379571,0.6541100492567813
4838,0.952430289,1.348633172862752
1593,0.606027098,0.8768295394263859
9438,2.833385052,2.937884866894661
1199,0.548444668,1.5983575981766858
5584,1.060839579,0.7934480802706765
10939,4.870850453,4.263615166457521
764,0.474639733,0.4914354070496072
8065,1.915620357,2.0041720289630245
2862,0.736517684,0.6290700808149219
9113,2.614920701,2.7500701771182503
10223,3.459549136,2.9239650251621887
36,0.207779504,0.5885132796623226
8515,2.206992168,2.5858572752889457
8871,2.449000587,2.936699733633849
3944,0.849861482,1.9429507373303059
7726,1.693841541,1.5031017067649342
6712,1.287039391,0.9166109538101748
7289,1.475611297,2.012195870260473
3421,0.79345743,1.2660330650050797
7346,1.501503127,1.2756655149803613
7401,1.526289412,1.2291549046160495
2611,0.713693091,0.9733654146743864
4373,0.898177419,0.9094313472294882
3424,0.793737681,0.7468505091172238
4681,0.931458655,0.9547032506196523
9599,2.940210829,2.751228540259363
6499,1.231976069,0.7928521676041751
1351,0.574943053,0.6614176420056311
6957,1.358014508,0.8802767565413979
2715,0.723597056,0.9547810074138949
4694,0.932831766,0.5871932266674399
5998,1.129625124,0.8876600681885775
1360,0.576470448,0.5974029577262407
7631,1.650669816,1.257098308898092
10112,3.35557325,3.6637685508216333
2691,0.720653257,0.6339653606996853
486,0.407364423,0.8629751418079114
8042,1.902958507,1.0802993119467803
2676,0.719788335,1.8631481174576456
6325,1.18977721,2.4583735162281686
7606,1.642433564,1.461983050198803
8683,2.328812829,2.623132062822022
7614,1.645138619,0.7522744137038628
2595,0.711626686,0.8526963190130776
10516,3.833751529,3.715238904779203
637,0.445856859,0.5064442425615598
1071,0.529191343,0.806553040757847
9020,2.552897794,3.0688320777799354
6805,1.30815115,0.9539691135578541
7425,1.538079514,3.213406712844657
1190,0.546481274,1.2530890179662661
4919,0.963117738,1.1957430757032907
5216,1.006325572,0.5970781295860801
10821,4.420497481,2.7443015476321495
7265,1.465777302,1.4773043688109724
149,0.281392382,0.8378899395683794
7342,1.501218094,2.615116228900396
2982,0.749432261,0.6591129229569525
3003,0.751402399,0.6601270956180534
3208,0.774454484,0.6118114699409514
167,0.291677396,0.6217916031227324
1915,0.647003116,0.7954250425015863
2947,0.744757635,0.7107535205031326
9843,3.126285303,3.1206284452469473
4755,0.941206542,0.9765315662575577
7701,1.682481275,1.2225605219721127
8620,2.288227721,2.7523637438932793
8128,1.956883039,2.921590796437433
801,0.482033291,0.6693905557782757
6023,1.134800934,1.3945219202208319
9326,2.75696552,2.2296751525729515
742,0.470910846,0.6383722572451752
11035,5.926138152,2.8921876877855945
5440,1.042631869,0.7598612233831292
3063,0.758289872,0.6728500386015034
2447,0.698819007,1.4481150745117852
10339,3.596817406,3.090051423149707
8677,2.320853556,2.6702142348448716
4671,0.930741405,1.0956350862322983
715,0.463732155,0.714213346981146
6673,1.275288321,0.863234914037475
2109,0.666124728,0.7269355844493521
7670,1.666078419,1.788666724106555
3546,0.808431534,0.6500406695913159
9157,2.643658657,1.8029366780723675
3945,0.84998609,0.8082210318477641
2271,0.683444612,0.8227970433767083
7944,1.830559625,2.574272875619116
4012,0.85820434,0.46929925559774094
8183,1.996767303,1.0485372120190468
1834,0.637569419,1.0483069943103385
8634,2.295065293,1.816553692739808
5265,1.015177358,1.2803721561934942
4600,0.922660516,0.8417845956483053
7953,1.835909198,1.6460096358381928
6902,1.338723397,0.792553186806414
2826,0.732944066,0.7400978962425825
5419,1.038649978,1.4248342049248164
10914,4.725452874,3.484876042897077
6646,1.269437524,2.7397734533603217
1886,0.643139035,0.8091453234868907
23,0.165288643,1.086276928893826
4511,0.912837359,1.0225391377812203
6435,1.213437524,1.2675269373713867
8060,1.912628469,1.7953802961947094
5640,1.069271422,0.9940595116625978
789,0.479782067,0.8900360144897553
5412,1.037336474,0.9357059794549036
7077,1.39427584,1.3755695739469431
5521,1.053430987,1.031845211272732
7360,1.506870862,2.0101769245608416
7046,1.386779651,1.2319770469167057
3842,0.837069643,1.0973217935789088
1957,0.650586971,0.7572459260951427
10557,3.898990359,2.546650082694401
5804,1.09602082,1.0135463536537703
10772,4.315986163,4.042115216196187
5515,1.052331635,1.0196387217698746
9495,2.871904008,1.4113851641474489
3891,0.84331983,0.8514404725039358
6143,1.158545148,1.373971807235045
10989,5.23899352,4.113560374295914
5729,1.083273464,0.9072151900884317
4702,0.934306361,0.8404764869443901
9160,2.646469881,2.011542961333453
4688,0.931944688,0.9641243958613624
3680,0.821813606,0.8791644254829767
4793,0.945506196,1.1159037653282826
7759,1.713774006,1.3841878119992452
2189,0.675932885,0.7583288468032297
9511,2.878675015,3.4151791979953035
3148,0.768172896,0.7458619849422998
2984,0.749616588,0.721250085948752
4525,0.91525654,0.9243886963547845
1310,0.567335183,0.7040304471362787
5090,0.987587095,0.9202132285040909
8778,2.393219488,2.7082039732002388
9527,2.888658611,4.304651201454785
4403,0.901719257,0.8194756291576962
4341,0.894679024,0.8602708834891225
9959,3.24063852,2.3327554028434245
7290,1.475702499,1.0515856968167954
8588,2.264283047,3.103925197893188
1315,0.568002882,0.8696914507547021
8826,2.423594703,2.258215206014285
8929,2.497018371,3.9217403186497894
10182,3.420780139,2.5160704970293146
8818,2.417288973,3.0496009033812066
1339,0.572143666,0.7117390236773109
7903,1.799526314,1.6978587586750356
738,0.469684814,0.6590370300718458
965,0.511162943,0.5792005465304559
252,0.337740134,0.8422633072650595
2098,0.665084298,0.7035456915206344
872,0.491966397,1.0367672866070319
3015,0.753145259,0.8054465419699467
4170,0.875136108,1.0637769438907876
2638,0.716331917,0.616589824877244
10413,3.689628986,3.32962770899159
3538,0.807397663,1.3775803751797715
2519,0.704479933,0.849829133758783
3024,0.754549039,0.7669343320935764
8798,2.404792935,1.1957592862827582
3457,0.797479198,0.8553526747243613
5140,0.995815369,0.7619367075304202
7976,1.853621786,3.3576907733481427
7105,1.40554713,1.1161616732442758
4209,0.879979634,0.6144135306649502
10078,3.327006324,3.4004645920228107
10839,4.475637451,2.8474156234203924
447,0.397287307,0.7139876720354387
7411,1.531619084,0.8149302454997723
56,0.228286692,0.888335208501984
6554,1.245152016,1.202988488121729
476,0.404439755,0.7241370285757947
7915,1.809312579,1.0219243691520419
8998,2.544060442,2.4701602597905357
4004,0.85715,0.9670309054949712
4768,0.942026988,0.824238129029936
2807,0.730675018,0.7461577646722115
6582,1.252557134,0.700243646661612
6010,1.13145339,0.9109231234208461
750,0.472662048,0.7876365474477464
4083,0.863745148,0.8791644254829767
4043,0.86144931,1.2159944809223704
376,0.37983263,0.6324227510877732
10205,3.438816154,3.961302020717446
8715,2.349100503,3.123639623744862
10092,3.34177977,3.6024620811458767
5294,1.018380162,1.0934151185150072
11040,6.0843962,2.7548226941726615
5503,1.051176581,2.9174652179939033
10142,3.382259683,2.8444578695319462
7433,1.542736144,1.564572494470896
8380,2.125139988,2.979847348069234
3215,0.77501751,0.8698966748604812
9542,2.901267143,2.754900059222533
10537,3.865385443,2.690240282130108
6571,1.24905184,2.901763988840524
3247,0.778021198,0.8172146458585943
4824,0.950846125,1.1078086785880432
7111,1.407995139,1.1056225157408812
4093,0.865186206,1.0419893573557741
227,0.32767355,0.8947053237031208
4679,0.931397415,0.7900539318646027
6495,1.231278668,0.7989628677651802
1508,0.595701291,0.8730856477495087
5053,0.983963278,0.984556729772382
6741,1.292200695,1.7689168285413344
1684,0.618406955,0.7625077471639481
499,0.410904746,0.43526608005381645
5731,1.083318592,1.173543200412537
3544,0.808291003,0.7952447393621702
1877,0.64178949,1.2445472456600906
7139,1.416422175,1.2929037399997445
513,0.414028706,0.6997733094706647
9027,2.560450538,2.962640913694196
4256,0.885211737,0.8835036724321211
6946,1.354407538,1.2425171975742253
3562,0.809777723,1.0151257774002602
4704,0.934715743,1.0880927988857414
474,0.404006168,1.049585210676628
8203,2.004961684,2.9320663942550085
2377,0.693592891,1.1254414597209041
10908,4.695218691,4.439763759935936
10266,3.517235845,3.5316234132156885
